{
  "project_info": {
    "project_number": "738640321037",
    "firebase_url": "https://rich-n-happy.firebaseio.com",
    "project_id": "rich-n-happy",
    "storage_bucket": "rich-n-happy.appspot.com"
  },
  "client": [
    {
      "client_info": {
        "mobilesdk_app_id": "1:738640321037:android:9ea064c01532f008",
        "android_client_info": {
          "package_name": "com.abaow"
        }
      },
      "oauth_client": [
        {
          "client_id": "738640321037-a2ovcui6n2vn9a2j4758b4rgpcra9oug.apps.googleusercontent.com",
          "client_type": 3
        }
      ],
      "api_key": [
        {
          "current_key": "AIzaSyCHm9kv6ZBoYBArfOTIYDHnACWWw0Qgmho"
        }
      ],
      "services": {
        "analytics_service": {
          "status": 1
        },
        "appinvite_service": {
          "status": 1,
          "other_platform_oauth_client": []
        },
        "ads_service": {
          "status": 2
        }
      }
    }
  ],
  "configuration_version": "1"
}